run	variant	row	ns_per_query
1	before	ascii	18.66
1	before	accent	29.13
1	before	hangul	17.96
1	before	combining	1.66
1	after_exact	ascii	19.17
1	after_exact	accent	29.10
1	after_exact	hangul	18.88
1	after_exact	combining	1.75
1	after_nfc	ascii	25.31
1	after_nfc	accent	305.49
1	after_nfc	hangul	208.18
1	after_nfc	combining	278.38
2	before	ascii	19.03
2	before	accent	29.82
2	before	hangul	18.19
2	before	combining	1.69
2	after_exact	ascii	19.40
2	after_exact	accent	29.63
2	after_exact	hangul	19.26
2	after_exact	combining	1.62
2	after_nfc	ascii	24.56
2	after_nfc	accent	304.33
2	after_nfc	hangul	204.53
2	after_nfc	combining	274.68
3	before	ascii	18.62
3	before	accent	29.21
3	before	hangul	18.45
3	before	combining	1.66
3	after_exact	ascii	19.16
3	after_exact	accent	29.03
3	after_exact	hangul	18.08
3	after_exact	combining	1.55
3	after_nfc	ascii	24.07
3	after_nfc	accent	305.97
3	after_nfc	hangul	206.45
3	after_nfc	combining	275.32
4	before	ascii	18.92
4	before	accent	29.16
4	before	hangul	18.22
4	before	combining	1.69
4	after_exact	ascii	19.69
4	after_exact	accent	30.58
4	after_exact	hangul	19.30
4	after_exact	combining	1.68
4	after_nfc	ascii	24.55
4	after_nfc	accent	303.54
4	after_nfc	hangul	204.09
4	after_nfc	combining	275.08
5	before	ascii	18.66
5	before	accent	29.09
5	before	hangul	17.89
5	before	combining	1.66
5	after_exact	ascii	19.15
5	after_exact	accent	29.03
5	after_exact	hangul	18.87
5	after_exact	combining	1.59
5	after_nfc	ascii	24.11
5	after_nfc	accent	301.02
5	after_nfc	hangul	204.43
5	after_nfc	combining	273.30
6	before	ascii	18.67
6	before	accent	29.20
6	before	hangul	17.77
6	before	combining	1.66
6	after_exact	ascii	19.02
6	after_exact	accent	29.00
6	after_exact	hangul	18.34
6	after_exact	combining	1.59
6	after_nfc	ascii	24.10
6	after_nfc	accent	301.63
6	after_nfc	hangul	205.88
6	after_nfc	combining	282.57
7	before	ascii	18.81
7	before	accent	29.46
7	before	hangul	18.50
7	before	combining	1.65
7	after_exact	ascii	19.23
7	after_exact	accent	29.19
7	after_exact	hangul	18.10
7	after_exact	combining	1.59
7	after_nfc	ascii	24.01
7	after_nfc	accent	300.41
7	after_nfc	hangul	203.94
7	after_nfc	combining	275.81
